[{"Itemname":"Shoes","Price":2500,"Category":"Personal"},{"Itemname":"T-Shirt","Price":1500,"Category":"Garments"}{"Itemname":"Books","Price":350,"Category":"Stationary"}{"Itemname":"Cooler","Price":15000,"Category":"Electrical"}{"Itemname":"Mobile Phone","Price":20000,"Category":"Phone"}{"Itemname":"Perfume","Price":1500,"Category":"Accessories"},{"Itemname":"Sunglasses","Price":1000,"Category":"Modelling"},{"Itemname":"Lays","Price":100,"Category":"Chips"},{"Itemname":"Computers","Price":25000,"Category":"Electrical"},{"Itemname":"Syska","Price":500,"Category":"Light"}]